dataset,model,precision_mean,precision_std,recall_mean,recall_std,f1_mean,f1_std,accuracy_mean,accuracy_std
hotel,nb,0.9609653422765791,0.012065524616089696,0.4270779989848289,0.009881548540541381,0.5912391363500674,0.00808409158801014,0.7737282678686414,0.002639266134181474
hotel,svm,0.8066876794014657,0.02619440279227845,0.8440928317635779,0.014074718953178753,0.8248328911064584,0.017979639073335833,0.8624597553122987,0.015611453332090184
