pos_word,pos_coef,neg_word,neg_coef
不错,4.419138128928726,结帐,-2.2486273616878845
性价比,2.6078006342194766,空调,-2.1879289152931323
地理位置,2.251774370520689,不值,-2.035710171854067
香港,2.2493004716236307,第二天,-1.9800146881392064
周到,2.2360606326140893,前台,-1.909102645698927
美中不足,2.1983949703666377,地毯,-1.8999029517820387
整洁,2.174334796706221,不会,-1.8750640909350067
一流,2.0344371864257567,补充,-1.8424806459765364
超值,2.0301130068072912,居然,-1.8290424286404976
视野,1.9084699987220566,郁闷,-1.7662181893461828
