pos_word,pos_coef,neg_word,neg_coef
不错,4.931964581152514,差评,-3.7897936195455117
信赖,3.356551898542469,太差,-3.345779955954578
棒棒,3.286218316821716,客服,-3.2534869816684706
流畅,3.1411588730319266,退货,-3.1352619530833863
超值,3.1065298118001867,郁闷,-2.943939859114612
性价比,2.9868596972178416,色差,-2.904555204162957
一流,2.9801005281570205,最差,-2.8978737460395383
酸奶,2.9709081649679088,失望,-2.8293203651466516
牛仔裤,2.919055819562131,垃圾,-2.7738303352401776
配置,2.905696623053545,差差,-2.7552636526351475
