pos_word,pos_logprob,neg_word,neg_logprob
不错,-4.995158516908148,酒店,-5.1664568347609725
酒店,-5.238310182743938,房间,-5.321443660367742
房间,-5.570780211721886,没有,-5.716484121674953
服务,-5.672128502731256,服务,-5.8770685377857195
比较,-5.698356688865088,入住,-5.983803794890864
方便,-5.820536307790681,比较,-6.040258165932666
可以,-5.973986937707129,我们,-6.050338334200392
环境,-6.003932544679453,可以,-6.055867925408087
感觉,-6.04603343177406,前台,-6.147780988200659
非常,-6.055136090700816,早餐,-6.160929238437217
