pos_word,pos_logprob,neg_word,neg_logprob
不错,-4.0744974155698985,小时,-4.764797856372793
好吃,-4.275165675772755,太慢,-4.945516525563837
味道,-4.532075819145153,送餐,-4.989459273362369
速度,-4.633812574869302,味道,-5.057565210468131
很快,-4.664566512110214,没有,-5.119210126704345
送餐,-4.8024116244720725,好吃,-5.1239104461709415
非常,-5.080418574307533,送到,-5.1882547233143095
就是,-5.399495554664992,难吃,-5.246268173991643
有点,-5.404836428971302,一般,-5.464956332955642
小哥,-5.593806757672673,送来,-5.620428310056875
