pos_word,pos_coef,neg_word,neg_coef
不错,3.491703515089331,差评,-2.9522604584015393
很快,3.1305324492340896,打电话,-2.7455810315115197
棒棒,2.663107035956555,商家,-2.5223463301983564
超快,2.484103965949144,鱼香肉丝,-2.5222652577476796
挺好吃,2.4821995083504884,恶心,-2.2643688894750404
很赞,2.348035235175518,太差,-2.2362571954135966
披萨,2.2960803100908134,太慢,-2.1856374067024706
很棒,2.2772377888822493,换成,-2.0736970012014297
贴心,2.236466511050835,不敢恭维,-2.0687126210934634
奶茶,2.2269771145513424,准时,-2.0545319279411216
