pos_word,pos_logprob,neg_word,neg_logprob
不错,-4.125563930268246,没有,-5.1222900177950335
质量,-5.065906917791241,酒店,-5.3434294908675755
喜欢,-5.11027535087618,京东,-5.363872486538698
非常,-5.187811300631951,不好,-5.3837391668147
京东,-5.221679295475506,房间,-5.502531370681223
苹果,-5.24217159124461,差评,-5.550810091185574
可以,-5.340635627021354,垃圾,-5.566709753110821
满意,-5.440324311669758,一个,-5.657714086080814
裤子,-5.455595499314621,就是,-5.694303564801743
舒服,-5.522554758697593,感觉,-5.796318820148846
