dataset,model,precision_mean,precision_std,recall_mean,recall_std,f1_mean,f1_std,accuracy_mean,accuracy_std
waimai,nb,0.85478053393899,0.013648626278896353,0.6291804376019746,0.022250660867554856,0.7246873569889869,0.017301499127001373,0.8203039106083049,0.009574183782831489
waimai,svm,0.7880158399618473,0.017812085702148057,0.8019480695260993,0.016917373905827943,0.7947368877577423,0.01083653509945334,0.8441636630163574,0.008835306297655549
