dataset,model,precision_mean,precision_std,recall_mean,recall_std,f1_mean,f1_std,accuracy_mean,accuracy_std
ecommerce,nb,0.8860960764953221,0.0032102462032703835,0.8553042899900232,0.004315884859378863,0.8704268414794797,0.0036732757036796833,0.8780227626133399,0.0033713617905998055
ecommerce,svm,0.8992586462016808,0.001850058947914732,0.9011972065181244,0.005785685832991399,0.9002175761437566,0.002817094769296976,0.9043075581349977,0.0024260418887891455
