,precision,recall,f1-score,support
0,0.8122878479293958,0.9600160470714094,0.8799950968374601,7478.0
1,0.9050492219752302,0.6320691949434465,0.7443196657090624,4509.0
accuracy,0.8366563777425544,0.8366563777425544,0.8366563777425544,0.8366563777425544
macro avg,0.858668534952313,0.796042621007428,0.8121573812732612,11987.0
weighted avg,0.8471807348546204,0.8366563777425544,0.8289597653151489,11987.0
