,precision,recall,f1-score,support
0,0.7910431338028169,0.9613533030221985,0.8679222503923699,7478.0
1,0.9003104518799586,0.5788423153692615,0.7046436285097192,4509.0
accuracy,0.8174689246683907,0.8174689246683907,0.8174689246683907,0.8174689246683907
macro avg,0.8456767928413877,0.77009780919573,0.7862829394510445,11987.0
weighted avg,0.832144855435405,0.8174689246683907,0.8065037715345346,11987.0
