,precision,recall,f1-score,support
0,0.8362748779571911,0.9300480267279182,0.880672268907563,4789.0
1,0.8626486264862648,0.706989247311828,0.7771006463527239,2976.0
accuracy,0.8445589182227946,0.8445589182227946,0.8445589182227946,0.8445589182227946
macro avg,0.849461752221728,0.8185186370198732,0.8288864576301435,7765.0
weighted avg,0.8463828336072263,0.8445589182227946,0.8409775942490696,7765.0
