,precision,recall,f1-score,support
0,0.8615936555891238,0.952808519523909,0.9049082796232027,4789.0
1,0.9084649655731065,0.7536962365591398,0.8238751147842057,2976.0
accuracy,0.8764971023824855,0.8764971023824855,0.8764971023824855,0.8764971023824855
macro avg,0.8850293105811151,0.8532523780415244,0.8643916972037042,7765.0
weighted avg,0.8795574699500166,0.8764971023824855,0.873851653923157,7765.0
